license_number,business_legal_name,business_type,premise_county,expiration_date,issue_date,business_owner_name,premise_street_address,mailing_street_address,business_phone,business_email,business_structure,business_image_url,business_website,id,premise_state,licensing_authority_id,licensing_authority,license_designation,license_status_date,license_term,parcel_number,activity,premise_latitude,premise_longitude
DSPY011223,"420 Bay St. Louis Dispensary, Inc.",Dispensary,Hancock County,,,Sam Farea,"200 HIGHWAY 90 APT 8 WAVELAND, MS 39576","4322 W RAILROAD ST GULFPORT, MS 39501",(228) 328-5116,samfarea4@gmail.com,,,,DSPY011223,MS,MMCP,Mississippi Medical Cannabis Program,Medical,,,,,30.3085876,-89.3724457
DSPY017130,420 Holiday LLC,Dispensary,Jackson County,,,Sam Farea,"4001 DENNY AVE STE D APT 8 PASCAGOULA, MS 39581","4001 DENNY AVE STE D PASCAGOULA, MS 39581",(228) 328-5116,fareasam18@gmail.com,,,,DSPY017130,MS,MMCP,Mississippi Medical Cannabis Program,Medical,,,,,30.3832594,-88.52000579999999
DSPY004025,5436 I-55 LLC,Dispensary,Hinds County,,,Ray Holbrook,"5440 I 55 FRONTAGE RD N APT 17 JACKSON, MS 39211","PO BOX 2386 RUSTON, LA 71273",(313) 333-1946,kushvibezcbd@gmail.com,,,,DSPY004025,MS,MMCP,Mississippi Medical Cannabis Program,Medical,,,,,32.3765989,-90.14721709999999
DSPY014937,Aeroma Dispensary Company LLC,Dispensary,Lamar County,,,"James Williamson, Charles Blankenship, William Klaus","6610 US-98 Hattiesburg, MS 39402","6610 US-98 Hattiesburg, MS 39402",(601) 906-7385,info@aeromacannabis.com,,,,DSPY014937,MS,MMCP,Mississippi Medical Cannabis Program,Medical,,,,,31.3159711,-89.4238973
DSPY015334,"AllsWell Brands, LLC",Dispensary,Jones County,,,"Scott French, Anthony Zadrozny","110 S MAGNOLIA ST LAUREL, MS 39440","110 S MAGNOLIA ST LAUREL, MS 39440",(919) 988-0193,tonyzadrozny@gmail.com,,,,DSPY015334,MS,MMCP,Mississippi Medical Cannabis Program,Medical,,,,,31.6894231,-89.1328403
DSPY010024,"AMG GOLD Dispensary, LLC",Dispensary,Harrison County,,,"Randy Carr, David Banks, Carl Panebiango, Robert Wolfe, Big Skys, LLC","1887 PASS RD BILOXI, MS 39531","PO BOX 968 PICAYUNE, MS 39466",(601) 798-5757,robert@robertwolfeinc.com,,,,DSPY010024,MS,MMCP,Mississippi Medical Cannabis Program,Medical,,,,,30.40300359999999,-88.9504595
DSPY018844,"Apothecarium Green, LLC",Dispensary,Lowndes County,,,"Corey Herring, Sophia Kibe","1920 HIGHWAY 45 N COLUMBUS, MS 39705","1920 HIGHWAY 45 N STE 5 COLUMBUS, MS 39705",(662) 574-8033,apothecariumgreen@gmail.com,,,,DSPY018844,MS,MMCP,Mississippi Medical Cannabis Program,Medical,,,,,33.5201723,-88.4345578
DSPY010867,Arcane Enterprises,Dispensary,Coahoma County,,,Katricia Smith,"4241 HIGHWAY 49 DREW, MS 38737","13220 OLD LOCKE RD OLIVE BRANCH, MS 38654",(662) 701-7696,klsmith@arcanemd.com,,,,DSPY010867,MS,MMCP,Mississippi Medical Cannabis Program,Medical,,,,,34.0737094,-90.4871637
DSPY013030,Bee's Buds,Dispensary,Jackson County,,,"Billy Wilson, Barbara Wilson","14313 STENUM ST BILOXI, MS 39532","20467 HIGHWAY 49 SAUCIER, MS 39574",(850) 554-9411,b.beesbuds@gmail.com,,,,DSPY013030,MS,MMCP,Mississippi Medical Cannabis Program,Medical,,,,,30.453096,-88.8493669
DSPY006118,"Bennett Marketing, LLC",Dispensary,Forrest County,,,"Gregory Bennett, Mama's Boys Investments, LLC","6335 US 49 #40 Hattiesburg, MS 39401","6335 US 49 #40 Hattiesburg, MS 39401",(601) 707-4039,jmitchell@hatlawfirm.com,,,,DSPY006118,MS,MMCP,Mississippi Medical Cannabis Program,Medical,,,,,31.3389832,-89.32980959999999
DSPY000641,"Bennett Marketing, LLC",Dispensary,Lee County,,,"Gregory Bennett, Mama's Boys Investments, LLC","3978 N GLOSTER ST TUPELO, MS 38804","3978 N GLOSTER ST TUPELO, MS 38804",(601) 707-4039,jmitchell@hatlawfirm.com,,,,DSPY000641,MS,MMCP,Mississippi Medical Cannabis Program,Medical,,,,,34.312566,-88.7062691
DSPY008974,"BioSciences of Mississippi, LLC",Dispensary,Walthall County,,,"Michael Hutchison, Jeffrey Schmidtke","241 OLD HIGHWAY 98 E N/A TYLERTOWN, MS 39667","241 OLD HIGHWAY 98 E N/A TYLERTOWN, MS 39667",(150) 490-5875,jeffschmidtke@gmail.com,,,,DSPY008974,MS,MMCP,Mississippi Medical Cannabis Program,Medical,,,,,31.12470089999999,-90.1050739
DSPY013601,BLACK FARMERS HEMP OF MISSISSIPPI,Dispensary,Adams County,,,BLACK FARMERS HEMP OF MISSISSIPPI,"9Roux 61 Drive Unit A NATCHEZ, MS 39120","9Roux 61 Drive Unit A NATCHEZ, MS 39120",(337) 781-7778,angelman13@cox.net,,,,DSPY013601,MS,MMCP,Mississippi Medical Cannabis Program,Medical,,,,,31.5375413,-91.3781275
DSPY015982,"Bloom Medical Cannabis, LLC",Dispensary,Yazoo County,,,"Marley Porter, abdullah Mansoor, Mohammed Alqadhi","110 N JERRY CLOWER BLVD YAZOO CITY, MS 39194","5610 OLD CANTON RD JACKSON, MS 39211",(601) 467-3232,m.alqadhi777@gmail.com,,,,DSPY015982,MS,MMCP,Mississippi Medical Cannabis Program,Medical,,,,,32.8605514,-90.3914732
DSPY001641,BlueGreen Cannabis Inc,Dispensary,Lee County,,,Michaell Alford,"3128 OLD BELDEN CIR Tupelo, MS 38801","1223 NELLE ST TUPELO, MS 38801",(662) 397-7653,msalford@aol.com,,,,DSPY001641,MS,MMCP,Mississippi Medical Cannabis Program,Medical,,,,,34.301259,-88.768272
DSPY001741,"Bragg Canna of Mississippi, LLC",Dispensary,Lee County,,,"Lewis Swarts, George Payne, Roy Parker, Dennis Bragg","1167 S GREEN ST TUPELO, MS 38804","1220 GRIMWOOD RD TONEY, AL 35773",(256) 278-6403,nikki@braggcanna.com,,,,DSPY001741,MS,MMCP,Mississippi Medical Cannabis Program,Medical,,,,,34.2408981,-88.7103109
DSPY004961,"Bragg Canna of Mississippi, LLC",Dispensary,Rankin County,,,"Lewis Swarts, George Parker, Roy Parker, Dennis Bragg","190 RIVERWIND DR PEARL, MS 39208","1220 GRIMWOOD RD TONEY, AL 35773",(256) 472-2662,nikki@braggcanna.com,,,,DSPY004961,MS,MMCP,Mississippi Medical Cannabis Program,Medical,,,,,32.2686383,-90.1313402
DSPY010525,"Bragg Canna of Mississippi, LLC",Dispensary,Hinds County,,,"Lewis Swarts, George Payne, Roy Parker, Dennis Bragg","1072 HIGH ST JACKSON, MS 39202","1220 GRIMWOOD RD TONEY, AL 35773",(256) 472-2662,nikki@braggcanna.com,,,,DSPY010525,MS,MMCP,Mississippi Medical Cannabis Program,Medical,,,,,32.3040401,-90.17186919999999
DSPY017347,"Brighter Day Holly Springs, LLC",Dispensary,Marshall County,,,"Hill Country Cannabis Fund, LLC","285 ALEXANDER DR HOLLY SPRINGS, MS 38635","1303 GARDENIA CV OXFORD, MS 38655",(662) 832-2870,robert@hcflowerco.com,,,,DSPY017347,MS,MMCP,Mississippi Medical Cannabis Program,Medical,,,,,34.7453019,-89.458137
DSPY017236,"Brighter Day Oxford, LLC",Dispensary,Lafayette County,,,"Hill Country Cannabis Fund, LLC","1654 BELK BLVD OXFORD, MS 38655","1303 GARDENIA CV OXFORD, MS 38655",(662) 832-2870,robert@hcflowerco.com,,,,DSPY017236,MS,MMCP,Mississippi Medical Cannabis Program,Medical,,,,,34.3435184,-89.5132538
DSPY014124,"Bud Barn, LLC.",Dispensary,Harrison County,,,"Daniel Burton, Joshua Evangelista, Sidney Lloyd, Connor Dena","15171 LAMEY BRIDGE RD STE A BILOXI, MS 39532","15171 LAMEY BRIDGE RD BILOXI, MS 39532",(601) 228-2751,denaconnor0817@gmail.com,,,,DSPY014124,MS,MMCP,Mississippi Medical Cannabis Program,Medical,,,,,30.5026317,-88.92373309999999
DSPY008161,BWD Central LLC,Dispensary,Rankin County,,,Abe Froman Investments LLC,"440 RIVERWIND DR PEARL, MS 39208","6910 N HOLMES ST STE 380 GLADSTONE, MO 64118",(918) 853-4482,bwd.llcs@gmail.com,,,,DSPY008161,MS,MMCP,Mississippi Medical Cannabis Program,Medical,,,,,32.2677907,-90.1458291
DSPY014844,BWD Columbus LLC,Dispensary,Lowndes County,,,Abe Froman Investments LLC,"4072 HIGHWAY 45 N COLUMBUS, MS 39705","9577 RIDGEVIEW ST TULSA, OK 74131",(601) 201-5605,bwd.llcs.ms@gmail.com,,,,DSPY014844,MS,MMCP,Mississippi Medical Cannabis Program,Medical,,,,,33.5524728,-88.43262670000001
DSPY005725,BWD County Line LLC,Dispensary,Hinds County,,,Abe Froman Investments LLC,"1051 E COUNTY LINE RD JACKSON, MS 39211","1051 E COUNTY LINE RD STE 1059A JACKSON, MS 39211",(918) 853-4482,bwd.llcs@gmail.com,,,,DSPY005725,MS,MMCP,Mississippi Medical Cannabis Program,Medical,,,,,32.3973603,-90.1388951
DSPY005438,BWD Meridian LLC,Dispensary,Lauderdale County,,,Abe Froman Investments LLC,"300 N FRONTAGE RD MERIDIAN, MS 39301","300 N FRONTAGE RD STE 600 MERIDIAN, MS 39301",(918) 853-4482,bwd.llcs@gmail.com,,,,DSPY005438,MS,MMCP,Mississippi Medical Cannabis Program,Medical,,,,,32.364227,-88.676864
DSPY002141,Cannacare LLC,Dispensary,Lee County,,,CannaCare LLC,"111 S INDUSTRIAL RD TUPELO, MS 38801","111 S INDUSTRIAL RD TUPELO, MS 38801",(662) 871-9522,cannacarellc22@gmail.com,,,,DSPY002141,MS,MMCP,Mississippi Medical Cannabis Program,Medical,,,,,34.2556691,-88.7196793
DSPY006336,CannaMiss LLC,Dispensary,Lafayette County,,,CANNAMISS LLC,"1130 N LAMAR BLVD OXFORD, MS 38655","1130 N LAMAR BLVD OXFORD, MS 38655",(212) 537-6794,cyrusn@gmail.com,,,,DSPY006336,MS,MMCP,Mississippi Medical Cannabis Program,Medical,,,,,34.3774243,-89.5106127
DSPY000541,CannaMiss LLC,Dispensary,Lee County,,,CANNAMISS LLC,"1010 N GLOSTER ST TUPELO, MS 38804","1010 N GLOSTER ST B TUPELO, MS 38804",(212) 537-6794,cyrusn@gmail.com,,,,DSPY000541,MS,MMCP,Mississippi Medical Cannabis Program,Medical,,,,,34.2762897,-88.7149838
DSPY019070,City Dispensary LLC,Dispensary,Tippah County,,,"Stevan Bolin, Philip Hearn, Brian Gates","830 CITY AVE S RIPLEY, MS 38663","830 CITY AVE S NUMBER D RIPLEY, MS 38663",(662) 587-0324,briankgates48@gmail.com,,,,DSPY019070,MS,MMCP,Mississippi Medical Cannabis Program,Medical,,,,,34.7215636,-88.95269239999999
DSPY006406,Cleveland Cannabis Company LLC,Dispensary,Bolivar County,,,Thomas JANOUSH,"3620 U.S. Hwy 61N CLEVELAND, MS 38732","PO BOX 1448 CLEVELAND, MS 38732",(662) 846-1716,tjanoush@wesjan.com,,,,DSPY006406,MS,MMCP,Mississippi Medical Cannabis Program,Medical,,,,,33.7440023,-90.7248187
DSPY001123,Coast Cannabis LLC,Dispensary,Hancock County,,,"Lesley Meng, Gina Pepe","835 US-90 Bay St Louis, MS 39520","835 US-90 6 Bay St Louiis, MS 39520",(985) 718-6907,ginampepe@aol.com,,,,DSPY001123,MS,MMCP,Mississippi Medical Cannabis Program,Medical,,,,,30.31524689999999,-89.35311240000001
DSPY009724,Coast Dispensary Inc,Dispensary,Harrison County,,,Hung-Tyler Ly,"913 DIVISION ST BILOXI, MS 39530","913 DIVISION ST BILOXI, MS 39530",(228) 239-7500,coastdispensary167@gmail.com,,,,DSPY009724,MS,MMCP,Mississippi Medical Cannabis Program,Medical,,,,,30.4026043,-88.8934353
DSPY016238,"Collinsville Wellness Dispensary, LLC",Dispensary,Lauderdale County,,,"Brian Auzenne, Roy Glapion, Kenneth Auzenne, Kimberly Busbea","8990 HIGHWAY 19 N COLLINSVILLE, MS 39325","5651 WILD OAK RD BAILEY, MS 39320",(601) 527-2617,kimbusbea1@gmail.com,,,,DSPY016238,MS,MMCP,Mississippi Medical Cannabis Program,Medical,,,,,32.49302970000001,-88.84210580000001
DSPY012002,Corinth Cannabis LLC,Dispensary,Alcorn County,,,Erica Yates,"1507 HIGHWAY 72 E CORINTH, MS 38834","115 AFTON DR CORINTH, MS 38834",(256) 590-4899,matthew@corinthcannabis.com,,,,DSPY012002,MS,MMCP,Mississippi Medical Cannabis Program,Medical,,,,,34.9175307,-88.5075073
DSPY003902,"Corinth Mississippi Dispensary, LLC",Dispensary,Alcorn County,,,"Corinth Mississippi Dispensary, LLC","2609 HIGHWAY 72 W STE 802 CORINTH, MS 38834","425 W CAPITOL AVE STE 1350 LITTLE ROCK, AR 72201",(601) 906-2955,corinthdispensary@gmail.com,,,,DSPY003902,MS,MMCP,Mississippi Medical Cannabis Program,Medical,,,,,34.9304833,-88.5499421
DSPY000359,Cox-Blythe Dispensary Inc,Dispensary,Prentiss County,,,Maury Billingsley,"106 Ridgemont Villa BOONEVILLE, MS 38829","106 RIDGEMONT VILLA BOONEVILLE, MS 38829",(662) 416-8431,mkb1990@yahoo.com,,,,DSPY000359,MS,MMCP,Mississippi Medical Cannabis Program,Medical,,,,,34.6776327,-88.5605488
DSPY017761,Cream Cannabis Company,Dispensary,Rankin County,,,jason corban,"102 METROPLEX BLVD PEARL, MS 39208","102 METROPLEX BLVD B PEARL, MS 39208",(601) 954-2594,corbanoj@gmail.com,,,,DSPY017761,MS,MMCP,Mississippi Medical Cannabis Program,Medical,,,,,32.2858823,-90.0598854
DSPY019130,CultivaRx LLC,Dispensary,Jackson County,,,Derek Pardoe,"1608 BIENVILLE BLVD OCEAN SPRINGS, MS 39564","3534 BRANDON JAMES DR BILOXI, MS 39532",(281) 910-6223,pardoe.cultivarx@gmail.com,,,,DSPY019130,MS,MMCP,Mississippi Medical Cannabis Program,Medical,,,,,30.4157369,-88.81525889999999
DSPY004241,Cultivated Wellness Dispensary NO.1,Dispensary,Lee County,,,Terrell Roddy,"794 E MAIN ST TUPELO, MS 38804","794 E MAIN ST TUPELO, MS 38804",(970) 630-9722,troddy1965@gmail.com,,,,DSPY004241,MS,MMCP,Mississippi Medical Cannabis Program,Medical,,,,,34.2569894,-88.6870727
DSPY012337,Cultivated Wellness Dispensary NO.2,Dispensary,Lamar County,,,"Larry Pickett, Larry Tubbs, Terrell Roddy","6690 U S HIGHWAY 98 HATTIESBURG, MS 39402","6690 U S HIGHWAY 98 HATTIESBURG, MS 39402",(970) 630-9722,troddy1965@gmail.com,,,,DSPY012337,MS,MMCP,Mississippi Medical Cannabis Program,Medical,,,,,31.3159584,-89.43110569999999
DSPY010624,Cultivated Wellness Dispensary NO.3,Dispensary,Harrison County,,,"Laurence Pickett, Larry Tubbs, Terrell Roddy","12407 HIGHWAY 49 GULFPORT, MS 39503","12407 HIGHWAY 49 GULFPORT, MS 39503",(970) 630-9722,troddy1965@gmail.com,,,,DSPY010624,MS,MMCP,Mississippi Medical Cannabis Program,Medical,,,,,30.4680672,-89.1030585
DSPY009224,"Culture Biloxi Shop, Inc.",Dispensary,Harrison County,,,"Barigye McCoy, JL Skylegacy Inc., DBJ La Mesa Corp","2572 PASS RD BILOXI, MS 39531","1 CORPORATE PARK STE 112 IRVINE, CA 92606",(619) 277-2827,devon@culturecannabisclub.com,,,,DSPY009224,MS,MMCP,Mississippi Medical Cannabis Program,Medical,,,,,30.4012434,-88.9872144
DSPY009324,"Culture Gulfport Med, Inc.",Dispensary,Harrison County,,,"Barigye McCoy, DBJ La Mesa Corp, JL Skylegacy Inc.","9305 HIGHWAY 49 GULFPORT, MS 39503","1 CORPORATE PARK STE 112 IRVINE, CA 92606",(619) 277-2827,julie@culturecannabisclub.com,,,,DSPY009324,MS,MMCP,Mississippi Medical Cannabis Program,Medical,,,,,30.4212486,-89.0930817
DSPY014044,D&S Best Friends Dispensary,Dispensary,Lowndes County,,,"Dawn English, Shikenwa Hawkins","3405 S FRONTAGE RD COLUMBUS, MS 39701","118 COLLEGE DR # 8675 HATTIESBURG, MS 39406",(601) 818-1570,dawn.english@dsdispensary.us,,,,DSPY014044,MS,MMCP,Mississippi Medical Cannabis Program,Medical,,,,,33.4784188,-88.5476386
DSPY011664,Dabbs Cannabis Dispensary,Dispensary,Simpson County,,,"Tony Wallace, Bobby Britton","1510 SIMPSON HIGHWAY 149 MENDENHALL, MS 39114","1510 SIMPSON HIGHWAY 149 MENDENHALL, MS 39114",(901) 412-9440,afbbritton@yahoo.com,,,,DSPY011664,MS,MMCP,Mississippi Medical Cannabis Program,Medical,,,,,31.9593449,-89.86137910000001
DSPY018462,Dabbs Cannabis Dispensary LLC,Dispensary,Scott County,,,"Tony Wallace, Bobby Britton","228 N WOODLAND DR / (228 MS-35) FOREST, MS 39074","PO BOX 777 MENDENHALL, MS 39114",(901) 412-9440,afbbritton@yahoo.com,,,,DSPY018462,MS,MMCP,Mississippi Medical Cannabis Program,Medical,,,,,32.3509536,-89.4817147
DSPY018964,Dabbs Cannabis Dispensary LLC,Dispensary,Simpson County,,,"Tony Wallace, Bobby Britton","1667 SIMPSON HIGHWAY 49 MAGEE, MS 39111","PO BOX 777 MENDENHALL, MS 39114",(901) 412-9440,afbbritton@yahoo.com,,,,DSPY018964,MS,MMCP,Mississippi Medical Cannabis Program,Medical,,,,,31.8685127,-89.7427419
DSPY019450,Dabbs Cannabis Dispensary LLC,Dispensary,Neshoba County,,,"Tony Wallace, Bobby Britton","1024 W BEACON ST PHILADELPHIA, MS 39350","PO BOX 777 MENDENHALL, MS 39114",(901) 412-9440,afbbritton@yahoo.com,,,,DSPY019450,MS,MMCP,Mississippi Medical Cannabis Program,Medical,,,,,32.7687251,-89.13081079999999
DSPY012125,Dank Box LLC,Dispensary,Hinds County,,,"Samantha Aziez, Isam Aziez, Raida Shamo","5852 RIDGEWOOD RD JACKSON, MS 39211","5852 RIDGEWOOD RD JACKSON, MS 39211",(619) 274-6431,raydah.gaya@gmail.com,,,,DSPY012125,MS,MMCP,Mississippi Medical Cannabis Program,Medical,,,,,32.387931,-90.1414178
DSPY006225,Danknolia Cannabis LLC,Dispensary,Hinds County,,,Shzam Cheema,"3188 W NORTHSIDE DR JACKSON, MS 39213","1335 ELLIS AVE STE 20 JACKSON, MS 39204",(405) 532-6633,emailshzam@yahoo.com,,,,DSPY006225,MS,MMCP,Mississippi Medical Cannabis Program,Medical,,,,,32.357481,-90.22959619999999
DSPY003025,Danknolia cannabis llc,Dispensary,Hinds County,,,Shzam Cheema,"5225 HIGHWAY 18 W JACKSON, MS 39209","1335 ELLIS AVE JACKSON, MS 39204",(405) 532-6633,emailshzam@yahoo.com,,,,DSPY003025,MS,MMCP,Mississippi Medical Cannabis Program,Medical,,,,,32.28970950000001,-90.2713394
DSPY009625,Danknolia cannabis llc,Dispensary,Hinds County,,,Shzam Cheema,"1335 ELLIS AVE JACKSON, MS 39204","1335 ELLIS AVE STE 20 JACKSON, MS 39204",(405) 532-6633,emailshzam@yahoo.com,,,,DSPY009625,MS,MMCP,Mississippi Medical Cannabis Program,Medical,,,,,32.2945113,-90.2286434
DSPY020214,"Dark Horse Medicinals Mississippi, LLC",Dispensary,Coahoma County,,,Sean Clarkson,"730 S STATE ST CLARKSDALE, MS 38614","1527 S BOWMAN RD # 4F LITTLE ROCK, AR 72211",(501) 743-8456,sclarkson@darkhorsemedicinals.com,,,,DSPY020214,MS,MMCP,Mississippi Medical Cannabis Program,Medical,,,,,34.18736579999999,-90.58187029999999
DSPY013957,DELTA DISPENSARY MAGNOLIA,Dispensary,Pike County,,,"ALIDA SLIPHER, BRANDON PAUL RIGGIO, RH DELTA 1114 LLC","319 E BAY ST MAGNOLIA, MS 39652","223 STATE ST MCCOMB, MS 39648",(601) 684-3200,slipherperformancehorses@gmail.com,,,,DSPY013957,MS,MMCP,Mississippi Medical Cannabis Program,Medical,,,,,31.1433254,-90.4574988
DSPY012757,DELTA DISPENSARY SUMMIT,Dispensary,Pike County,,,"COREY CAZAUX, ALIDA SLIPHER","1117 HIGHWAY 51 AND 98 SUMMIT, MS 39666","1117 HIGHWAY 51 AND 98 SUMMIT, MS 39666",(601) 248-4006,slipherlaw@gmail.com,,,,DSPY012757,MS,MMCP,Mississippi Medical Cannabis Program,Medical,,,,,31.2996596,-90.4677943
DSPY015123,Diamond Leaf,Dispensary,Hancock County,,,"Karen Daniel, Gina Pepe","445 YACHT CLUB DR DIAMONDHEAD, MS 39525","445 YACHT CLUB DR DIAMONDHEAD, MS 39525",(985) 718-6907,ginampepe@aol.com,,,,DSPY015123,MS,MMCP,Mississippi Medical Cannabis Program,Medical,,,,,30.3696656,-89.37649230000001
DSPY007723,Diamondhead Root LLC,Dispensary,Hancock County,,,"Merritt Nicaud, US Canna Mississippi Holdings LLC, Coast Green Investments LLC, Coastal Alabama MC Group, LLC, Cannabliss LLC","4405 E ALOHA DR DIAMONDHEAD, MS 39525","4405 E ALOHA DR AA DIAMONDHEAD, MS 39525",(228) 363-4888,uscannams@gmail.com,,,,DSPY007723,MS,MMCP,Mississippi Medical Cannabis Program,Medical,,,,,30.3760692,-89.3688603
DSPY016324,Dixon Dispensary LLC,Dispensary,Harrison County,,,John Dixon,"11370 HIGHWAY 49 GULFPORT, MS 39503","11370 HIGHWAY 49 STE G GULFPORT, MS 39503",(228) 380-1323,dixondispensaries@gmail.com,,,,DSPY016324,MS,MMCP,Mississippi Medical Cannabis Program,Medical,,,,,30.4518969,-89.09741249999999
DSPY017030,Dolphin Dayz LLC,Dispensary,Jackson County,,,"April Jowers, Ashley Ehrgott, Donna Ryan","3300 LADNIER RD GAUTIER, MS 39553","3300 LADNIER RD GAUTIER, MS 39553",(317) 331-5807,dryan4238@gmail.com,,,,DSPY017030,MS,MMCP,Mississippi Medical Cannabis Program,Medical,,,,,30.3885871,-88.6460352
DSPY015454,Evergreen Dispensary LLC.,Dispensary,Panola County,,,Evergreen Dispensary LLC.,"13170 HIGHWAY 6 W BATESVILLE, MS 38606","2565 JAMISON RD MARKS, MS 38646",(865) 254-8697,evergreendispensary@outlook.com,,,,DSPY015454,MS,MMCP,Mississippi Medical Cannabis Program,Medical,,,,,34.2894578,-90.1062991
DSPY015717,FAM Retail LLC,Dispensary,DeSoto County,,,"Nicholas Easley, Henry Reaves","9170 HACKS CROSS RD OLIVE BRANCH, MS 38654","78 REAVES RD HOLLY SPRINGS, MS 38635",(901) 417-7166,nyancey@napoleonlawfirm.com,,,,DSPY015717,MS,MMCP,Mississippi Medical Cannabis Program,Medical,,,,,34.9937298,-89.79469
DSPY016137,"FerrCannabis, LLC",Dispensary,Lamar County,,,"Peter Stokes, John Neal, Angela Ferraez, FerrCann, Inc.","6152 U S HIGHWAY 98 HATTIESBURG, MS 39402","6152 U S HIGHWAY 98 STE 20 HATTIESBURG, MS 39402",(662) 574-5279,cory@ferrcann.com,,,,DSPY016137,MS,MMCP,Mississippi Medical Cannabis Program,Medical,,,,,31.3202643,-89.3858748
DSPY017630,"Firefly Cannabis, LLC",Dispensary,Jackson County,,,"Jonna McKinney, John McKinney","6911 WASHINGTON AVE OCEAN SPRINGS, MS 39564","PO BOX 8647 MOSS POINT, MS 39562",(601) 707-4039,JMitchell@hatlawfirm.com,,,,DSPY017630,MS,MMCP,Mississippi Medical Cannabis Program,Medical,,,,,30.4420947,-88.83826599999999
DSPY008669,Five Star Medical,Dispensary,Tate County,,,"Robin Baker, Michael Baker, Lindsey Criswell","409 NORFLEET DR SENATOBIA, MS 38668","409 NORFLEET DR SENATOBIA, MS 38668",(662) 501-0234,fivestarmedicalcompany@gmail.com,,,,DSPY008669,MS,MMCP,Mississippi Medical Cannabis Program,Medical,,,,,34.6265677,-89.9540371
DSPY014554,Good Day Dispensary,Dispensary,Panola County,,,Amy Phillips,"450/450A Hwy 51 Batesville, MS 38606","14721 HIGHWAY 35 S BATESVILLE, MS 38606",(662) 386-6111,gooddaydispensary@gmail.com,,,,DSPY014554,MS,MMCP,Mississippi Medical Cannabis Program,Medical,,,,,34.3185102,-89.9429454
DSPY020171,Green Akers Cannabis Inc,Dispensary,Tishomingo County,,,Green Akers Cannabis Inc,"1409 BATTLEGROUND DR IUKA, MS 38852","PO BOX 295 IUKA, MS 38852",(662) 423-8239,greenakersinc@yahoo.com,,,,DSPY020171,MS,MMCP,Mississippi Medical Cannabis Program,Medical,,,,,34.8019127,-88.203752
DSPY002941,"Green Magnolia Dispensaries, LLC",Dispensary,Lee County,,,"Green Magnolia Dispensaries, LLC","3437 TUPELO COMMONS STE 101 TUPELO, MS 38804","3437 TUPELO COMMONS STE 104 TUPELO, MS 38804",(662) 231-1895,jeff.webblaw@gmail.com,,,,DSPY002941,MS,MMCP,Mississippi Medical Cannabis Program,Medical,,,,,34.2999621,-88.7062857
DSPY001345,"Green Magnolia of Canton, LLC",Dispensary,Madison County,,,"Green Magnolia of Canton, LLC","3142 S LIBERTY ST CANTON, MS 39046","PO BOX 452 CARTHAGE, MS 39051",(601) 267-9762,jeff.webblaw@gmail.com,,,,DSPY001345,MS,MMCP,Mississippi Medical Cannabis Program,Medical,,,,,32.5985546,-90.03545729999999
DSPY000244,Green Magnolia of Columbus LLC,Dispensary,Lowndes County,,,Green Magnolia of Columbus LLC,"Hwy 45 N 7432 COLUMBUS, MS 39705","PO BOX 452 CARTHAGE, MS 39051",(662) 231-1895,chad.kea@gmagnolia.com,,,,DSPY000244,MS,MMCP,Mississippi Medical Cannabis Program,Medical,,,,,33.6003566,-88.42285640000001
DSPY004338,Green Magnolia of Meridian LLC,Dispensary,Lauderdale County,,,"Joe Kea, Jeffrey Webb, Green Magnolia of Meridian LLC","4818 N PARK DR MERIDIAN, MS 39305","PO BOX 452 CARTHAGE, MS 39051",(662) 231-1895,tellington31@yahoo.com,,,,DSPY004338,MS,MMCP,Mississippi Medical Cannabis Program,Medical,,,,,32.408182,-88.7028165
DSPY018281,"Green Spark, LLC",Dispensary,Yalobusha County,,,"Green Spark, LLC","111 Main Street Water Valley, MS 38965","111 Main Street Water Valley, MS 38965",(347) 247-7453,greensparkms@gmail.com,,,,DSPY018281,MS,MMCP,Mississippi Medical Cannabis Program,Medical,,,,,34.150897,-89.63234299999999
DSPY008569,Green Star LLC,Dispensary,Tate County,,,"Charity Webb, Nastarcia Owens","9696 HIGHWAY 306 COLDWATER, MS 38618","6515 GOODMAN RD BOX 212 OLIVE BRANCH, MS 38654",(901) 257-8560,thegreenstarllc@gmail.com,,,,DSPY008569,MS,MMCP,Mississippi Medical Cannabis Program,Medical,,,,,34.6992877,-89.8124459
DSPY005037,Green Therapy LLC,Dispensary,Lamar County,,,"Melissa Griffin, Susan Lack, Kyle Lack","5004 LINCOLN ROAD EXT HATTIESBURG, MS 39402","PO BOX 568 PURVIS, MS 39475",(601) 297-0140,blueskyent@bellsouth.net,,,,DSPY005037,MS,MMCP,Mississippi Medical Cannabis Program,Medical,,,,,31.3017686,-89.37762190000001
DSPY001441,"Greenwise, LLC",Dispensary,Lee County,,,"Michael Gray, Stephanie Gray","715 GARFIELD ST TUPELO, MS 38801","505 COBBLESTONE CT MADISON, MS 39110",(601) 720-7749,Stephanie@greenwisems.com,,,,DSPY001441,MS,MMCP,Mississippi Medical Cannabis Program,Medical,,,,,34.2405268,-88.7168334
DSPY004853,"Greenwise, LLC",Dispensary,Oktibbeha County,,,"Michael Gray, Stephanie Gray","823 HIGHWAY 12 W STARKVILLE, MS 39759","505 COBBLESTONE CT MADISON, MS 39110",(601) 720-7749,stephanie@greenwisems.com,,,,DSPY004853,MS,MMCP,Mississippi Medical Cannabis Program,Medical,,,,,33.4463743,-88.8422788
DSPY004524,"Greenwise, LLC",Dispensary,Harrison County,,,"Michael Gray, Stephanie Gray","9113 HIGHWAY 49 GULFPORT, MS 39503","505 COBBLESTONE CT MADISON, MS 39110",(601) 720-7749,stephanie@greenwisems.com,,,,DSPY004524,MS,MMCP,Mississippi Medical Cannabis Program,Medical,,,,,30.4155744,-89.0937857
DSPY002461,Happy Leaf LLC,Dispensary,Rankin County,,,"Bryan Minton, Bobby Britton","736 HIGHWAY 49 S RICHLAND, MS 39218","736 HIGHWAY 49 S RICHLAND, MS 39218",(901) 412-9440,afbbritton@yahoo.com,,,,DSPY002461,MS,MMCP,Mississippi Medical Cannabis Program,Medical,,,,,32.2369543,-90.1637137
DSPY007137,"Hattiesburg Mississippi Dispensary, LLC",Dispensary,Lamar County,,,"Hattiesburg Mississippi Dispensary, LLC","6083 U S HIGHWAY 98 STE 802 HATTIESBURG, MS 39402","425 W CAPITOL AVE STE 1350 LITTLE ROCK, AR 72201",(601) 906-2955,hattiesburgdispensary@gmail.com,,,,DSPY007137,MS,MMCP,Mississippi Medical Cannabis Program,Medical,,,,,31.3226001,-89.3791024
DSPY015017,"Herbal Alchemy Dispensary, LLC.",Dispensary,DeSoto County,,,"Sarah Kalkstein, Jessica Logan, Marisa Hediger, Theresa Massey, Elizabeth Barnett","3016 HIGHWAY 51 S HERNANDO, MS 38632","3016 HIGHWAY 51 S STE 101 HERNANDO, MS 38632",(256) 221-2387,herbal.alchemy.dispensary@gmail.com,,,,DSPY015017,MS,MMCP,Mississippi Medical Cannabis Program,Medical,,,,,34.8164044,-89.9932603
DSPY019375,Herbal Hospitality llc,Dispensary,Warren County,,,"David Meltzer, Derrick Perkins","3427 PEMBERTON SQUARE BLVD VICKSBURG, MS 39180","9705 BLACKWOOD CIR APT 202 FORT MYERS, FL 33967",(765) 891-8412,cherrymedia@icloud.com,,,,DSPY019375,MS,MMCP,Mississippi Medical Cannabis Program,Medical,,,,,32.3112798,-90.88284999999999
DSPY017475,"High Bluff Farms, LLC.",Dispensary,Warren County,,,Paul Gorney,"4000 N WASHINGTON ST VICKSBURG, MS 39183","3000 WASHINGTON ST VICKSBURG, MS 39180",(601) 629-7536,pgmgorney@gmail.com,,,,DSPY017475,MS,MMCP,Mississippi Medical Cannabis Program,Medical,,,,,32.4049923,-90.84771529999999
DSPY003661,"High Cotton Wellness, LLC",Dispensary,Rankin County,,,"Donald Partridge, John Cranmore, Justin Mahfouz, William Martin","422 RIVERWIND DR PEARL, MS 39208","4273 I 55 N STE 1B JACKSON, MS 39206",(601) 987-4910,stan@southernskybrands.com,,,,DSPY003661,MS,MMCP,Mississippi Medical Cannabis Program,Medical,,,,,32.2665608,-90.1391001
DSPY000941,High Hopes Cannabis LLC,Dispensary,Lee County,,,Jason Truong,"1201 N GLOSTER ST TUPELO, MS 38804","4734 MARKET ST TUPELO, MS 38801",(662) 523-4440,truong_pham@hotmail.com,,,,DSPY000941,MS,MMCP,Mississippi Medical Cannabis Program,Medical,,,,,34.2800462,-88.71635069999999
DSPY013744,Holistika LLC,Dispensary,Lowndes County,,,Holistika,"2009 MILITARY RD COLUMBUS, MS 39701","94 E BRIAR LAKE DR STARKVILLE, MS 39759",(662) 497-0795,glenn@holistikallc.com,,,,DSPY013744,MS,MMCP,Mississippi Medical Cannabis Program,Medical,,,,,33.5167125,-88.4163026
DSPY019522,Honest Dispensary LLC #1,Dispensary,Grenada County,,,HONEST BUSINESS GROUP LLC,"1011 LAKEVIEW DR GRENADA, MS 38901","164 ELM ST GRENADA, MS 38901",(662) 809-0113,honestbusinessgroupllc@gmail.com,,,,DSPY019522,MS,MMCP,Mississippi Medical Cannabis Program,Medical,,,,,33.7709979,-89.79126769999999
DSPY016464,House of Buds,Dispensary,Simpson County,,,"Michael Jones, Justin Jones","521 5TH ST SW MAGEE, MS 39111","521 5TH ST SW MAGEE, MS 39111",(601) 278-0511,Houseofbudsss@gmail.com,,,,DSPY016464,MS,MMCP,Mississippi Medical Cannabis Program,Medical,,,,,31.8686677,-89.7381058
DSPY007236,Hybrid LLC,Dispensary,Lafayette County,,,Antonio Barragan,"1801 JACKSON AVE W A OXFORD, MS 38655","1801 JACKSON AVE W SUITE D 112 OXFORD, MS 38655",(662) 934-2121,hemphealthms@gmail.com,,,,DSPY007236,MS,MMCP,Mississippi Medical Cannabis Program,Medical,,,,,34.365159,-89.5542651
DSPY011341,Jamal Saeed,Dispensary,Lee County,,,Jamal Saeed,"608 N GLOSTER ST TUPELO, MS 38804","608 N GLOSTER ST TUPELO, MS 38804",(662) 523-0892,cannabisheadquarter@gmail.com,,,,DSPY011341,MS,MMCP,Mississippi Medical Cannabis Program,Medical,,,,,34.2653877,-88.71528459999999
DSPY012806,James B. Abraham LLC,Dispensary,Bolivar County,,,James Abraham,"618 GAINES HWY BOYLE, MS 38730","618 GAINES HWY BOYLE, MS 38730",(662) 719-6635,bartabraham@gmail.com,,,,DSPY012806,MS,MMCP,Mississippi Medical Cannabis Program,Medical,,,,,33.7118651,-90.71763070000002
DSPY006018,"Kelly's Green, Inc.",Dispensary,Forrest County,,,"Kelly Williams, Chad King, Non - Economic Interest Owners, Kelly Williams, LLC, David Fant, LLC","20 RAWLS SPRINGS LOOP RD HATTIESBURG, MS 39402","209 TWELVE OAKS TRCE CANTON, MS 39046",(601) 421-1085,chad@kellysgreen.biz,,,,DSPY006018,MS,MMCP,Mississippi Medical Cannabis Program,Medical,,,,,31.3602757,-89.3481225
DSPY011138,"Kelly's Green, Inc.",Dispensary,Lauderdale County,,,"Kelly Williams, Chad King, Non-Economic Interest Owners, Kelly Williams, LLC, David Fant, LLC","834 HIGHWAY 19 N MERIDIAN, MS 39307","834 HIGHWAY 19 N MERIDIAN, MS 39307",(601) 421-1085,chad@kellysgreen.biz,,,,DSPY011138,MS,MMCP,Mississippi Medical Cannabis Program,Medical,,,,,32.3657407,-88.7312389
DSPY013261,"Kelly's Green, Inc.",Dispensary,Rankin County,,,"Kelly Williams, Chad King, Puff Puff Give, LLC, Non-Economic Interest Owners, Kelly Williams, LLC, David Fant, LLC","1170 OLD FANNIN RD BRANDON, MS 39047","1170 OLD FANNIN RD BRANDON, MS 39047",(601) 421-1085,chad@kellysgreen.biz,,,,DSPY013261,MS,MMCP,Mississippi Medical Cannabis Program,Medical,,,,,32.3785307,-90.04406639999999
DSPY005938,"Kudzu Cannabis Company, LLC",Dispensary,Lauderdale County,,,Jared Kobs,"93 S FRONTAGE RD MERIDIAN, MS 39301","PO BOX 12009 JACKSON, MS 39236",(601) 414-9333,jared@kudzucc.com,,,,DSPY005938,MS,MMCP,Mississippi Medical Cannabis Program,Medical,,,,,32.3672124,-88.66930789999999
DSPY010425,"Kudzu Cannabis Company, LLC",Dispensary,Hinds County,,,JARED KOBS,"4678 I 55 FRONTAGE RD N JACKSON, MS 39211","4678 I 55 FRONTAGE RD N JACKSON, MS 39211",(601) 414-9333,jared@kudzucc.com,,,,DSPY010425,MS,MMCP,Mississippi Medical Cannabis Program,Medical,,,,,32.35807510000001,-90.1506782
DSPY008876,"Lake Vista Wellness I, LLC",Dispensary,Bolivar County,,,Jeffrey Kuehr,"641 HIGHWAY 1 S - GREENVILLE, MS 38701","805 LAKE VISTA CIR - VESTAVIA, AL 35242",(205) 219-9010,jeffrey.kuehr@gmail.com,,,,DSPY008876,MS,MMCP,Mississippi Medical Cannabis Program,Medical,,,,,33.8367372,-91.02384149999999
DSPY006853,"Lake Vista Wellness IV, LLC",Dispensary,Oktibbeha County,,,Jeffrey Kuehr,"605 S JACKSON ST N/A STARKVILLE, MS 39759","805 LAKE VISTA CIR N/A VESTAVIA, AL 35242",(205) 219-9010,jeffrey.kuehr@gmail.com,,,,DSPY006853,MS,MMCP,Mississippi Medical Cannabis Program,Medical,,,,,33.4552048,-88.8128681
DSPY007875,"LeafMed 2, LLC",Dispensary,Warren County,,,"Shaun Carpenter, Todd Shaffett","2080 S FRONTAGE RD STE 106 VICKSBURG, MS 39180","16065 LAMONTE DR HAMMOND, LA 70403",(844) 456-5383,todd.shaffett@medcentris.com,,,,DSPY007875,MS,MMCP,Mississippi Medical Cannabis Program,Medical,,,,,32.3217901,-90.865875
DSPY007357,"LeafMed 3, LLC",Dispensary,Pike County,,,"Shaun Carpenter, Todd Shaffett","2301 Delaware Ave McComb, MS 39648","16065 Lamonte Dr Hammond, LA 70403",(844) 456-5383,leafmed3@butlersnow.com,,,,DSPY007357,MS,MMCP,Mississippi Medical Cannabis Program,Medical,,,,,31.248595,-90.48500299999999
DSPY007423,"LeafMed4, LLC",Dispensary,Hancock County,,,"Shaun Carpenter, Todd Shaffett","10209 HIGHWAY 603 BAY ST LOUIS, MS 39520","16065 LAMONTE DR N/A HAMMOND, LA 70403",(844) 456-5383,todd.shaffett@medcentris.com,,,,DSPY007423,MS,MMCP,Mississippi Medical Cannabis Program,Medical,,,,,30.3134758,-89.39943889999999
DSPY000738,"Legally Rooted Cannabis Dispensary, LLC",Dispensary,Lauderdale County,,,"Stacey Williams, Ben Williams, Ashley Toney, Michael Grace","1800 6TH ST MERIDIAN, MS 39301","PO BOX 1533 MERIDIAN, MS 39302",(601) 512-2140,dispensary@legallyrootedcannabis.com,,,,DSPY000738,MS,MMCP,Mississippi Medical Cannabis Program,Medical,,,,,32.3667284,-88.697034
DSPY000872,Lift Medical Cannabis Inc,Dispensary,Tunica County,,,"Ronald Jones, Erik Fisher, Stanley Rojeski","13118 HIGHWAY 61 N ROBINSONVILLE, MS 38664","13118 HIGHWAY 61 N STE 118 ROBINSONVILLE, MS 38664",(901) 619-2665,mshomegrowncannabis@gmail.com,,,,DSPY000872,MS,MMCP,Mississippi Medical Cannabis Program,Medical,,,,,34.8325977,-90.27619349999999
DSPY014276,"Local Remedy, LLC",Dispensary,Washington County,,,"Local Remedy MS, LLC","2512 HIGHWAY 82 E GREENVILLE, MS 38703","2088 OLD TAYLOR RD OXFORD, MS 38655",(601) 506-6585,localremedyms@gmail.com,,,,DSPY014276,MS,MMCP,Mississippi Medical Cannabis Program,Medical,,,,,33.4003748,-91.01585620000002
DSPY016725,"Local Remedy, LLC",Dispensary,Hinds County,,,"Local Remedy MS, LLC","110 BYRAM DR BYRAM, MS 39272","2088 OLD TAYLOR RD OXFORD, MS 38655",(601) 506-6585,localremedyms@gmail.com,,,,DSPY016725,MS,MMCP,Mississippi Medical Cannabis Program,Medical,,,,,32.1892354,-90.26352779999999
DSPY016825,"Local Remedy, LLC",Dispensary,Hinds County,,,"Local Remedy MS, LLC","1667 LAKELAND DR JACKSON, MS 39216","2088 OLD TAYLOR RD OXFORD, MS 38655",(601) 506-6585,localremedyms@gmail.com,,,,DSPY016825,MS,MMCP,Mississippi Medical Cannabis Program,Medical,,,,,32.3337197,-90.14465369999999
DSPY010924,Long Beach Dispensary LLC,Dispensary,Harrison County,,,Long Beach Disensary LLC,"520 E RAILROAD ST STE A LONG BEACH, MS 39560","520 E RAILROAD ST STE A LONG BEACH, MS 39560",(228) 209-6724,paul@jpaulbarberlaw.com,,,,DSPY010924,MS,MMCP,Mississippi Medical Cannabis Program,Medical,,,,,30.3544801,-89.1413056
DSPY016657,Love's Harvest,Dispensary,Pike County,,,Dreka Gates,"601 S RAILROAD BLVD MCCOMB, MS 39648","1412 DELAWARE AVE # 352 MCCOMB, MS 39648",(213) 808-2895,dreka@lovesharvest.com,,,,DSPY016657,MS,MMCP,Mississippi Medical Cannabis Program,Medical,,,,,31.2371249,-90.4505685
DSPY018017,LunaSol LLC,Dispensary,DeSoto County,,,"Natasha Gray, Curio WMBE Fund, LLC","8101 HACKS CROSS RD STE 600 OLIVE BRANCH, MS 38654","511 SPRUCE LN STARKVILLE, MS 39759",(662) 312-0575,sederia@livelunasol.com,,,,DSPY018017,MS,MMCP,Mississippi Medical Cannabis Program,Medical,,,,,34.9777913,-89.7958274
DSPY018704,"Mageedp, LLC",Dispensary,Attala County,,,"Mageedp, LLC","125 VETERANS MEMORIAL DR KOSCIUSKO, MS 39090","412 PORT ARBOR BRANDON, MS 39047",(601) 832-8289,kanwaljit8289@gmail.com,,,,DSPY018704,MS,MMCP,Mississippi Medical Cannabis Program,Medical,,,,,33.0584326,-89.5706441
DSPY012475,"Magnolia Dispensaries, LLC.",Dispensary,Warren County,,,"BRCC Holdings, LLC","3046 INDIANA AVE VICKSBURG, MS 39180","5440 HIGHLAND DR JACKSON, MS 39206",(601) 790-1255,info@greentreewellnessms.com,,,,DSPY012475,MS,MMCP,Mississippi Medical Cannabis Program,Medical,,,,,32.3291493,-90.864609
DSPY013123,"Magnolia Green Gulf Coast Cannabis, LLC",Dispensary,Hancock County,,,"Bart Bacigalupi, Troy Sider, Stanley Saucier","940 HIGHWAY 90 WAVELAND, MS 39576","940 HIGHWAY 90 WAVELAND, MS 39576",(504) 319-5794,admin@magnoliagreen.org,,,,DSPY013123,MS,MMCP,Mississippi Medical Cannabis Program,Medical,,,,,30.2993335,-89.4027751
DSPY016923,"Magnolia Green Gulf Coast Cannabis, LLC",Dispensary,Hancock County,,,"Bart Bacigalupi, Troy Sider, Stanley Saucier","1060 HIGHWAY 90 BAY ST LOUIS, MS 39520","1060 HIGHWAY 90 A BAY ST LOUIS, MS 39520",(504) 319-5794,admin@magnoliagreen.org,,,,DSPY016923,MS,MMCP,Mississippi Medical Cannabis Program,Medical,,,,,30.3129255,-89.35734579999999
DSPY007643,Magnolia Greens LLC,Dispensary,Lincoln County,,,"Isluv Robertson, Dennis Sanders, Magnolia Greens","101 WHITEBROOK DR BROOKHAVEN, MS 39601","101 WHITEBROOK DR BROOKHAVEN, MS 39601",(662) 897-4550,densan2006@gmail.com,,,,DSPY007643,MS,MMCP,Mississippi Medical Cannabis Program,Medical,,,,,31.5754049,-90.4573324
DSPY007536,"Magnolia Medical Cannabis Company, LLC",Dispensary,Lafayette County,,,Jeff Capwell,"2570 JACKSON AVE W OXFORD, MS 38655","105 DOUGLAS DR OXFORD, MS 38655",(901) 481-9862,ross@magnolia-cannabis.com,,,,DSPY007536,MS,MMCP,Mississippi Medical Cannabis Program,Medical,,,,,34.3603972,-89.56725349999999
DSPY001837,Mary Jane & Herb's LLC,Dispensary,Lamar County,,,"Lady Hood, Jennifer Allen, Michael Keenum, Lacy McClain, Michael Haddox","135 THORNHILL DR HATTIESBURG, MS 39402","60 HARDIE RD SUMRALL, MS 39482",(601) 297-7517,michaelhad@msn.com,,,,DSPY001837,MS,MMCP,Mississippi Medical Cannabis Program,Medical,,,,,31.3266409,-89.3508099
DSPY005817,"Med-RE-D, LLC",Dispensary,DeSoto County,,,"The Homeopathic Company, LLC","120 CHRISTOPHER LN NESBIT, MS 38651","1076 HIGHLAND COLONY PKWY RIDGELAND, MS 39157",(615) 351-6205,evan@sbi.health,,,,DSPY005817,MS,MMCP,Mississippi Medical Cannabis Program,Medical,,,,,34.8975124,-89.992395
DSPY000154,"Med-RE-D, LLC",Dispensary,Panola County,,,"The Homeopathic Company, LLC","211 HOUSE CARLSON DR BATESVILLE, MS 38606","1076 HIGHLAND COLONY PKWY RIDGELAND, MS 39157",(615) 351-6205,evan@sbi.health,,,,DSPY000154,MS,MMCP,Mississippi Medical Cannabis Program,Medical,,,,,34.3027873,-89.9187591
DSPY002206,"Medical Cannabis of MS, LLC",Dispensary,Bolivar County,,,"James McClellan, James McClellan","717 N DAVIS AVE CLEVELAND, MS 38732","717 N DAVIS AVE CLEVELAND, MS 38732",(662) 545-9333,medcanms@gmail.com,,,,DSPY002206,MS,MMCP,Mississippi Medical Cannabis Program,Medical,,,,,33.7574516,-90.7162951
DSPY013522,"Milgray Wellness II, LLC",Dispensary,Grenada County,,,"Milgray Holdings, Inc.","1329 SUNSET DR GRENADA, MS 38901","504 MILGRAY CIR CALERA, AL 35040",(205) 403-5270,allison.simpson@butlersnow.com,,,,DSPY013522,MS,MMCP,Mississippi Medical Cannabis Program,Medical,,,,,33.7779038,-89.82644909999999
DSPY009124,"Mississippi Dispensary Investments 1, LLC",Dispensary,Harrison County,,,"Mississippi Dispensary Investments 1, LLC","2389 PASS RD STE 207 BILOXI, MS 39531","425 W CAPITOL AVE STE 1350 LITTLE ROCK, AR 72201",(228) 222-8372,biloximsdisp@gmail.com,,,,DSPY009124,MS,MMCP,Mississippi Medical Cannabis Program,Medical,,,,,30.40142359999999,-88.9753898
DSPY008343,"Mississippi Dispensary Investments 2, LLC",Dispensary,Lincoln County,,,"Mississippi Dispensary Investments 2, LLC","106 STRIBLING DR STE 207 BROOKHAVEN, MS 39601","425 W CAPITOL AVE STE 1350 LITTLE ROCK, AR 72201",(601) 748-7982,brookhavenmsdisp@gmail.com,,,,DSPY008343,MS,MMCP,Mississippi Medical Cannabis Program,Medical,,,,,31.5793818,-90.4794466
DSPY009534,"Mississippi Dispensary Investments 3, LLC",Dispensary,Jones County,,,"Mississippi Dispensary Investments 3, LLC","310 S 16TH AVE STE 207 LAUREL, MS 39440","425 W CAPITOL AVE STE 1350 LITTLE ROCK, AR 72201",(601) 804-5115,laurelmsdisp@gmail.com,,,,DSPY009534,MS,MMCP,Mississippi Medical Cannabis Program,Medical,,,,,31.6872701,-89.14719269999999
DSPY002624,Mississippi Green Spa LLC,Dispensary,Harrison County,,,"US Canna Mississippi, LLC","771 WATER ST BILOXI, MS 39530","9014 SUNTREE LN GULFPORT, MS 39503",(228) 363-4888,uscannams@gmail.com,,,,DSPY002624,MS,MMCP,Mississippi Medical Cannabis Program,Medical,,,,,30.394548,-88.888043
DSPY014644,Mississippi Magnolia Canna,Dispensary,Lowndes County,,,Mississippi Magnolia Canna,"1223 HIGHWAY 45 N COLUMBUS, MS 39705","1223 HIGHWAY 45 N COLUMBUS, MS 39705",(662) 364-0007,mississippimagnoliacanna@gmail.com,,,,DSPY014644,MS,MMCP,Mississippi Medical Cannabis Program,Medical,,,,,33.509662,-88.433836
DSPY005630,"Mississippi Provisions 1, LLC",Dispensary,Jackson County,,,"Mississippi Provisions, LLC","1223 BIENVILLE BLVD APT B5 OCEAN SPRINGS, MS 39564","1723 University Avenue Suite B, #105 Oxford, MS 38655",(303) 709-2400,steve@rootdownms.com,,,,DSPY005630,MS,MMCP,Mississippi Medical Cannabis Program,Medical,,,,,30.4163674,-88.82238009999999
DSPY005275,"Mississippi Provisions 3, LLC",Dispensary,Warren County,,,"Mississippi Provisions, LLC","3312 PEMBERTON SQUARE BLVD APT B5 VICKSBURG, MS 39180","1723 UNIVERSITY AVE UNIT B, 105 OXFORD, MS 38655",(303) 709-2400,provisions3@msprovisions.com,,,,DSPY005275,MS,MMCP,Mississippi Medical Cannabis Program,Medical,,,,,32.3153697,-90.8786489
DSPY006530,"Mississippi Provisions 4, LLC",Dispensary,Jackson County,,,"Mississippi Provisions, LLC","3600 GAUTIER VANCLEAVE RD B5 GAUTIER, MS 39553","3600 GAUTIER VANCLEAVE RD GAUTIER, MS 39553",(303) 709-2400,provisions4@msprovisions.com,,,,DSPY006530,MS,MMCP,Mississippi Medical Cannabis Program,Medical,,,,,30.3938774,-88.65105989999999
DSPY006623,"Mississippi Provisions 5, LLC",Dispensary,Hancock County,,,"Mississippi Provisions, LLC","624 HWY 90 Apt B5 BAY ST LOUIS, MS 39520","1723 University Avenue Suite B, #105 Oxford, MS 38655",(303) 709-2400,provisions5@msprovisions.com,,,,DSPY006623,MS,MMCP,Mississippi Medical Cannabis Program,Medical,,,,,30.3176623,-89.3433099
DSPY004438,"Mississippi Provisions 6, LLC",Dispensary,Lauderdale County,,,"Mississippi Provisions, LLC","5015 HIGHWAY 493 APT B5 MERIDIAN, MS 39305","1723 UNIVERSITY AVE OXFORD, MS 38655",(303) 709-2400,steve@rootdownms.com,,,,DSPY004438,MS,MMCP,Mississippi Medical Cannabis Program,Medical,,,,,32.4119836,-88.70038079999999
DSPY014330,"MS Mudd 1, LLC",Dispensary,Jackson County,,,"MS Mudd, LLC","3430 MAIN ST B5 MOSS POINT, MS 39563","1723 UNIVERSITY AVE Suite B, #105 OXFORD, MS 38655",(303) 434-1803,tpettennude@gmail.com,,,,DSPY014330,MS,MMCP,Mississippi Medical Cannabis Program,Medical,,,,,30.3912999,-88.53550539999999
DSPY004630,"MS Mudd 2, LLC",Dispensary,Jackson County,,,"MS Mudd, LLC","1809 DENNY AVE APT B5 PASCAGOULA, MS 39567","1723 UNIVERSITY AVE OXFORD, MS 38655",(303) 434-1803,mudd2@muddms.com,,,,DSPY004630,MS,MMCP,Mississippi Medical Cannabis Program,Medical,,,,,30.3714728,-88.5449385
DSPY003745,"MS Mudd 3, LLC",Dispensary,Madison County,,,"MS Mudd, LLC","117 SIDNEY RUNNELS DR APT B5 CANTON, MS 39046","1723 UNIVERSITY AVE OXFORD, MS 38655",(303) 434-1803,tpettennude@gmail.com,,,,DSPY003745,MS,MMCP,Mississippi Medical Cannabis Program,Medical,,,,,32.6079615,-90.0681398
DSPY006961,"MS Mudd 4, LLC",Dispensary,Rankin County,,,"MS Mudd, LLC","1401 HIGHWAY 49 S APT B5 RICHLAND, MS 39218","1723 UNIVERSITY AVE Suite B, #105 OXFORD, MS 38655",(303) 434-1803,tpettennude@gmail.com,,,,DSPY006961,MS,MMCP,Mississippi Medical Cannabis Program,Medical,,,,,32.2064236,-90.14844230000001
DSPY010318,Nature Med MS LLC,Dispensary,Forrest County,,,"Rohit Patel, Mahendrabhai Patel, Neelkumar Patel, Hipal Patel","6401 U S HIGHWAY 49 HATTIESBURG, MS 39401","50 E YELLOWSTONE HATTIESBURG, MS 39402",(386) 292-9878,naturemedms@gmail.com,,,,DSPY010318,MS,MMCP,Mississippi Medical Cannabis Program,Medical,,,,,31.3433656,-89.3302334
DSPY003145,NUURR INC.,Dispensary,Madison County,,,Muskkan Gosain,"1536 W PEACE ST CANTON, MS 39046","1536 W PEACE ST CANTON, MS 39046",(601) 622-5641,jaygosain@gmail.com,,,,DSPY003145,MS,MMCP,Mississippi Medical Cannabis Program,Medical,,,,,32.6058444,-90.0718851
DSPY019961,Oddfellow Dispensary,Dispensary,Rankin County,,,"Sarah Dailey, Angela Duais","890 HIGHWAY 49 S RICHLAND, MS 39218","890 HIGHWAY 49 S STE D RICHLAND, MS 39218",(601) 540-6251,srhdailey@gmail.com,,,,DSPY019961,MS,MMCP,Mississippi Medical Cannabis Program,Medical,,,,,32.2419215,-90.16525510000001
DSPY011725,PARADISE VIBES,Dispensary,Hinds County,,,LABRITTANI JAMES,"125 W NORTHSIDE DR JACKSON, MS 39206","125 W NORTHSIDE DRIVE F JACKSON, MS 39206",(318) 617-3504,labrittanij@gmail.com,,,,DSPY011725,MS,MMCP,Mississippi Medical Cannabis Program,Medical,,,,,32.3550409,-90.1777044
DSPY003418,PINE BELT MEDICINAL,Dispensary,Forrest County,,,JOHN GOODSPEED,"3702 HARDY ST HATTIESBURG, MS 39402","283 TIDEWATER RD HATTIESBURG, MS 39402",(601) 968-7385,amyrobinson137@gmail.com,,,,DSPY003418,MS,MMCP,Mississippi Medical Cannabis Program,Medical,,,,,31.3242814,-89.3441305
DSPY010125,"River Remedy Byram Dispensary, LLC",Dispensary,Hinds County,,,"Bennie Rawson, William Chism, Robert McLarty, William Chism, EDM Holdings, LLC, Hinds Holdings, LLC, EBC Investment Holdings LLC","5925 I 55 S BYRAM, MS 39272","PO BOX 721270 BYRAM, MS 39272",(601) 918-1851,brad@chismstrategies.com,,,,DSPY010125,MS,MMCP,Mississippi Medical Cannabis Program,Medical,,,,,32.1797161,-90.2607215
DSPY020425,"Rootdown 1, LLC",Dispensary,Hinds County,,,Rootdown LLC,"3 LAKELAND CIR JACKSON, MS 39216","2088 OLD TAYLOR RD OXFORD, MS 38655",(662) 832-7676,rootdown1@rootdownms.com,,,,DSPY020425,MS,MMCP,Mississippi Medical Cannabis Program,Medical,,,,,32.3336663,-90.1327901
DSPY013422,"Rootdown 3, LLC",Dispensary,Grenada County,,,Rootdown LLC,"1660 SUNSET DR B5 GRENADA, MS 38901","1723 University Avenue Suite B, #105 Oxford, MS 38655",(662) 832-7676,ross@rossethridge.com,,,,DSPY013422,MS,MMCP,Mississippi Medical Cannabis Program,Medical,,,,,33.7859232,-89.83510220000001
DSPY003825,"Rootdown 4, LLC",Dispensary,Hinds County,,,Rootdown LLC,"4775 OLD CANTON RD APT B5 JACKSON, MS 39211","1723 University Avenue Suite B, #105 Oxford, MS 38655",(662) 832-7676,rootdown4@rootdownms.com,,,,DSPY003825,MS,MMCP,Mississippi Medical Cannabis Program,Medical,,,,,32.3607457,-90.1464539
DSPY012525,"Rooted In Wellness, LLC",Dispensary,Hinds County,,,"Larry Bolton, Charles Lewis, Montina Fletcher-Lewis","1835 W NORTHSIDE DR JACKSON, MS 39213","PO BOX 720153 BYRAM, MS 39272",(601) 454-4278,rootedinwellnessms@gmail.com,,,,DSPY012525,MS,MMCP,Mississippi Medical Cannabis Program,Medical,,,,,32.3556168,-90.2066263
DSPY019224,"RymedyRx, LLC",Dispensary,Harrison County,,,"Brian Chevallier, Robert Riemann","15223 CREOSOTE RD GULFPORT, MS 39503","520 CHAMPLIN ST GULFPORT, MS 39507",(228) 297-5067,addisonriemann@gmail.com,,,,DSPY019224,MS,MMCP,Mississippi Medical Cannabis Program,Medical,,,,,30.4276013,-89.0954823
DSPY019642,"SB Greenwood, LLC",Dispensary,Leflore County,,,"Bridgett Green, Krista Beck, Three Rivers Investments, LLC, SNB Therapies, LLC, SAT, LLC, SB Greenwood, LLC","2218 HIGHWAY 82 W STE A GREENWOOD, MS 38930","2218 HIGHWAY 82 W STE A GREENWOOD, MS 38930",(662) 457-0088,doug@starbuds.us,,,,DSPY019642,MS,MMCP,Mississippi Medical Cannabis Program,Medical,,,,,33.5289871,-90.223142
DSPY015501,"SB Natchez, LLC",Dispensary,Adams County,,,"James McCabe, Mississippi Health Consultants, LLC","135 HIGHWAY 61 S NATCHEZ, MS 39120","135 HIGHWAY 61 S STE 1 NATCHEZ, MS 39120",(662) 457-0088,doug@starbuds.us,,,,DSPY015501,MS,MMCP,Mississippi Medical Cannabis Program,Medical,,,,,31.5181524,-91.386157
DSPY018630,"SB O Springs, LLC",Dispensary,Jackson County,,,"Kylie Williams, Baylea Pontius, Bridgett Green, Krista Beck, SNB Therapies, LLC, SAT, LLC, SB O Springs, LLC","718 BIENVILLE BLVD OCEAN SPRINGS, MS 39564","718 BIENVILLE BLVD STE A OCEAN SPRINGS, MS 39564",(662) 457-0088,doug@starbuds.us,,,,DSPY018630,MS,MMCP,Mississippi Medical Cannabis Program,Medical,,,,,30.4156402,-88.8317263
DSPY011836,SB Oxford,Dispensary,Lafayette County,,,"Jessica Turner, Bridgett Green, Krista Beck, J9 Holdings, LLC, SAT, LLC, SB OXFORD, LLC","1319 N LAMAR BLVD OXFORD, MS 38655","1319 N LAMAR BLVD A OXFORD, MS 38655",(662) 457-0088,doug@starbuds.us,,,,DSPY011836,MS,MMCP,Mississippi Medical Cannabis Program,Medical,,,,,34.38164140000001,-89.51044069999999
DSPY019741,"SB Tupelo, LLC",Dispensary,Lee County,,,"Bridgett Green, Krista Beck, Three Rivers Investments, LLC, SNB Therapies, LLC, SAT, LLC, SB Tupelo, LLC","2546 MS 145 Saltillo, MS 38866","2546 MS 145 Suite D Saltillo, MS 38866",(662) 457-0088,doug@starbuds.us,,,,DSPY019741,MS,MMCP,Mississippi Medical Cannabis Program,Medical,,,,,34.3709482,-88.69957180000002
DSPY008217,"Southern Crop Wellness I, LLC",Dispensary,DeSoto County,,,"Southern Crop, LLC","6518 GOODMAN RD STE 106 OLIVE BRANCH, MS 38654","17732 HIGHLAND RD STE G BATON ROUGE, LA 70810",(850) 566-1661,compliance@southern-crop.com,,,,DSPY008217,MS,MMCP,Mississippi Medical Cannabis Program,Medical,,,,,34.9628968,-89.8749421
DSPY014438,"Southern Crop Wellness III, LLC",Dispensary,Lauderdale County,,,"Southern Crop, LLC","2405 HIGHWAY 39 N STE G MERIDIAN, MS 39301","17732 HIGHLAND RD STE G BATON ROUGE, LA 70810",(225) 330-9774,compliance@southern-crop.com,,,,DSPY014438,MS,MMCP,Mississippi Medical Cannabis Program,Medical,,,,,32.3841605,-88.6853687
DSPY007936,"Southern Crop Wellness IV, LLC",Dispensary,Lafayette County,,,"Southern Crop, LLC","101 Rickey D Britt Suite 3B & 4A STE G Oxford, MS 38655","17732 HIGHLAND RD STE G BATON ROUGE, LA 70810",(225) 330-9774,compliance@southern-crop.com,,,,DSPY007936,MS,MMCP,Mississippi Medical Cannabis Program,Medical,,,,,34.358025,-89.5900332
DSPY016037,"Southern Crop Wellness V, LLC",Dispensary,Lamar County,,,"Southern Crop, LLC","4 WILLOW PT STE G HATTIESBURG, MS 39402","17732 HIGHLAND RD STE G BATON ROUGE, LA 70810",(225) 330-9774,compliance@southern-crop.com,,,,DSPY016037,MS,MMCP,Mississippi Medical Cannabis Program,Medical,,,,,31.329901,-89.372337
DSPY002738,"Southern Lights, LLC.",Dispensary,Lauderdale County,,,"John Bench, Brian Cole, Eric Dena","2125 A ST MERIDIAN, MS 39301","2125 A ST A MERIDIAN, MS 39301",(949) 295-0136,denaeric@gmail.com,,,,DSPY002738,MS,MMCP,Mississippi Medical Cannabis Program,Medical,,,,,32.361578,-88.6973191
DSPY001024,"Southern Roots Therapeutics of Louisiana, Inc.",Dispensary,Harrison County,,,"Iam Tucker, Lauren Lee Illing, Leah Simon, Ronald Brown","1301 31ST AVE GULFPORT, MS 39501","1301 31ST AVE GULFPORT, MS 39501",(504) 250-1998,davidccconsulting@gmail.com,,,,DSPY001024,MS,MMCP,Mississippi Medical Cannabis Program,Medical,,,,,30.367439,-89.0992201
DSPY019825,"Southern Sky Wellness 2, LLC",Dispensary,Hinds County,,,"Donald Partridge, John Cranmore, Jusitn Mahfouz, William Martin, Investors","2685 CRANE RIDGE DR STE 1B JACKSON, MS 39216","4273 I 55 N STE 1B JACKSON, MS 39206",(601) 987-4910,stan@southernskybrands.com,,,,DSPY019825,MS,MMCP,Mississippi Medical Cannabis Program,Medical,,,,,32.3329444,-90.13865679999999
DSPY001561,"Spillway Dispensary, LLC",Dispensary,Rankin County,,,John Palmer,"1220 N SHORE PKWY BRANDON, MS 39047","101 POINT CLEAR FLORENCE, MS 39073",(601) 291-2100,lefleurpandr@yahoo.com,,,,DSPY001561,MS,MMCP,Mississippi Medical Cannabis Program,Medical,,,,,32.3882255,-90.0381223
DSPY016525,"SRT-MS JAN, LLC",Dispensary,Hinds County,,,"Iam Tucker, Lauren Lee Illing, Leah Simon, Ronald Brown, Southern Roots Therapeutics of Mississippi, Inc.","4300 N STATE ST JACKSON, MS 39206","1301 31ST AVE GULFPORT, MS 39501",(504) 250-1998,david@rootsremedyms.com,,,,DSPY016525,MS,MMCP,Mississippi Medical Cannabis Program,Medical,,,,,32.3503297,-90.17497800000001
DSPY002824,Sunflower Holdings LLC,Dispensary,Harrison County,,,Elizabeth Cavanaugh,"232 DEBUYS RD BILOXI, MS 39531","232 DEBUYS RD BILOXI, MS 39531",(228) 265-3081,info@coastalcapitaldispensary.com,,,,DSPY002824,MS,MMCP,Mississippi Medical Cannabis Program,Medical,,,,,30.3957985,-89.0010647
DSPY010224,"SweetGrass MS, LLC",Dispensary,Harrison County,,,"Blake wells, Mariah Wells, Jane Abreu, grover street, sandra guidry","2650 BEACH BLVD BILOXI, MS 39531","1 RED FOX LN LITTLETON, CO 80127",(307) 421-8332,abreu.guidry@gmail.com,,,,DSPY010224,MS,MMCP,Mississippi Medical Cannabis Program,Medical,,,,,30.3921108,-88.9935793
DSPY002343,"The Cannabis Company, Inc.",Dispensary,Lincoln County,,,"Robert Parker, Le Penn","939 BROOKWAY BLVD BROOKHAVEN, MS 39601","304 MALLORY DR BYRAM, MS 39272",(601) 573-1644,leannepenn3@gmail.com,,,,DSPY002343,MS,MMCP,Mississippi Medical Cannabis Program,Medical,,,,,31.577482,-90.46676660000001
DSPY012229,The Green Guys of Fulton Dispensary LLC,Dispensary,Itawamba County,,,Wanda Farr,"101 WHEELER DR FULTON, MS 38843","101 WHEELER DR FULTON, MS 38843",(662) 316-3238,thegreenguysfulton@gmail.com,,,,DSPY012229,MS,MMCP,Mississippi Medical Cannabis Program,Medical,,,,,34.2550611,-88.4038207
DSPY017512,"The Green Life Wellness, LLC.",Dispensary,Clarke County,,,Pamela Chapman,"2289 HIGHWAY 145 S QUITMAN, MS 39355","2289 HIGHWAY 145 S QUITMAN, MS 39355",(601) 410-2995,pamelachapman30@yahoo.com,,,,DSPY017512,MS,MMCP,Mississippi Medical Cannabis Program,Medical,,,,,32.0707328,-88.7307261
DSPY005522,The Green Standard Grenada LLC,Dispensary,Grenada County,,,"Pietro Cefalu, Madison Blackmon, George Wilkes, Daren Schiffman, Chandra Menconi, Antonio Cefalu","1223 SUNSET DR GRENADA, MS 38901","1223 SUNSET DR GRENADA, MS 38901",(708) 415-4087,daren@dnaholdingsllc.com,,,,DSPY005522,MS,MMCP,Mississippi Medical Cannabis Program,Medical,,,,,33.7733417,-89.8233283
DSPY005175,The Green Standard LLC,Dispensary,Leake County,,,"Pietro Cefalu, Madison Blackmon, George Wilkes, Daren Schiffman, Chandra Menconi, Antonio Cefalu","310 HIGHWAY 16 W CARTHAGE, MS 39051","956 S BARTLETT RD # 307 BARTLETT, IL 60103",(708) 415-4087,daren@dnaholdingsllc.com,,,,DSPY005175,MS,MMCP,Mississippi Medical Cannabis Program,Medical,,,,,32.735368,-89.529692
DSPY004753,The Green Standard Starkville LLC,Dispensary,Oktibbeha County,,,"Pietro Cefalu, Madison Blackmon, George Wilkes, Daren Schiffman, Chandra Menconi, Antonio Cefalu","612 HIGHWAY 12 E STARKVILLE, MS 39759","612 HIGHWAY 12 E STARKVILLE, MS 39759",(708) 415-4087,daren@dnaholdingsllc.com,,,,DSPY004753,MS,MMCP,Mississippi Medical Cannabis Program,Medical,,,,,33.4532484,-88.80744519999999
DSPY020075,The Green Standard Vicksburg LLC,Dispensary,Warren County,,,"George Wilkes, Daniel Jones, Anthony Lanzito, Chandra Menconi, Pietro Cefalu, Madison Blackmon, Antonio Cefalu","1601 N FRONTAGE RD APT 2W VICKSBURG, MS 39180","956 S BARTLETT RD # 307 BARTLETT, IL 60103",(708) 415-4087,daren@dnaholdingsllc.com,,,,DSPY020075,MS,MMCP,Mississippi Medical Cannabis Program,Medical,,,,,32.3218199,-90.8744402
DSPY018530,The Herbalist,Dispensary,Jackson County,,,James Stone,"2520 DENNY AVE PASCAGOULA, MS 39567","2520 DENNY AVE PASCAGOULA, MS 39567",(985) 201-9797,dustinstone1@hotmail.com,,,,DSPY018530,MS,MMCP,Mississippi Medical Cannabis Program,Medical,,,,,30.3713195,-88.5372147
DSPY003501,The Highest Care L.L.C,Dispensary,Adams County,,,The Highest Care L.L.C,"131 JEFFERSON DAVIS BLVD NATCHEZ, MS 39120","1 CEMETERY RD NATCHEZ, MS 39120",(601) 870-5042,tabitha.wroten@gmail.com,,,,DSPY003501,MS,MMCP,Mississippi Medical Cannabis Program,Medical,,,,,31.525561,-91.387773
DSPY014730,"The Islands Dispensary, LLC",Dispensary,Jackson County,,,"George Pitalo, David Dale, Mary Ann Joiner","3920 BIENVILLE BLVD OCEAN SPRINGS, MS 39564","3920 BIENVILLE BLVD OCEAN SPRINGS, MS 39564",(228) 218-7125,islandsdispensary@gmail.com,,,,DSPY014730,MS,MMCP,Mississippi Medical Cannabis Program,Medical,,,,,30.4085376,-88.76097639999999
DSPY020315,The Kush Spot 2,Dispensary,Copiah County,,,"The Kush Spot 2, LLC","28059 HIGHWAY 28 APT 658 HAZLEHURST, MS 39083","120 DISTRICT BLVD APT 658 JACKSON, MS 39211",(601) 454-4875,patrick@laneharkins.com,,,,DSPY020315,MS,MMCP,Mississippi Medical Cannabis Program,Medical,,,,,31.87498609999999,-90.40524740000001
DSPY001975,"The Kush Spot, LLC",Dispensary,Warren County,,,"The Kush Spot, LLC","2314 IOWA AVE APT 658 VICKSBURG, MS 39180","2314 IOWA AVE STE 100 VICKSBURG, MS 39180",(601) 454-4875,patrick@laneharkins.com,,,,DSPY001975,MS,MMCP,Mississippi Medical Cannabis Program,Medical,,,,,32.3165759,-90.89061389999999
DSPY010744,"The Magg Dispensary, LLC",Dispensary,Lowndes County,,,"George Pittman, Rebecca Stuart Boyd, Mary Boyd Pittman","901 HIGHWAY 45 N COLUMBUS, MS 39701","901 HIGHWAY 45 N STE 1 COLUMBUS, MS 39701",(662) 242-3861,rbc.543@gmail.com,,,,DSPY010744,MS,MMCP,Mississippi Medical Cannabis Program,Medical,,,,,33.5074085,-88.43370329999999
DSPY015230,"The Magnolia Healing, LLC",Dispensary,Jackson County,,,"Evan Dailey, Christopher Bonds","20 MARKS RD OCEAN SPRINGS, MS 39564","20 MARKS RD OCEAN SPRINGS, MS 39564",(601) 906-9173,themagnoliams@gmail.com,,,,DSPY015230,MS,MMCP,Mississippi Medical Cannabis Program,Medical,,,,,30.4141253,-88.7835896
DSPY011534,Toke and Tell Dispensary 2 LLC,Dispensary,Jones County,,,Tina Bruce,"Ellisville Blvd Laurel, MS 39440","10 DUNBAR RD NATCHEZ, MS 39120",(601) 807-3833,tina-bruce@att.net,,,,DSPY011534,MS,MMCP,Mississippi Medical Cannabis Program,Medical,,,,,31.665746,-89.1558362
DSPY013801,"Toke and Tell Dispensary, LLC",Dispensary,Adams County,,,Tina Bruce,"55 S SERGEANT PRENTISS DR NATCHEZ, MS 39120","55 SERGEANT PRENTISS DR STE 102 NATCHEZ, MS 39120",(601) 807-3833,tina-bruce@att.net,,,,DSPY013801,MS,MMCP,Mississippi Medical Cannabis Program,Medical,,,,,31.528295,-91.38857019999999
DSPY018318,Tortuga Cannabis Company inc,Dispensary,Forrest County,,,"Jeffery Hubbard, Mickey Baldwin","867 HIGHWAY 11 PETAL, MS 39465","867 HIGHWAY 11 STE A PETAL, MS 39465",(832) 837-2993,info@tortugacannabiscompany.com,,,,DSPY018318,MS,MMCP,Mississippi Medical Cannabis Program,Medical,,,,,31.3474174,-89.2738358
DSPY011017,"Tru Source Medical Cannabis, LLC",Dispensary,DeSoto County,,,Clarence Cocroft,"4714 North Central Way Olive Branch, MS 38654","6954 CLEARPOINT DR MEMPHIS, TN 38141",(901) 299-3293,clarence@tcp-agresearch.com,,,,DSPY011017,MS,MMCP,Mississippi Medical Cannabis Program,Medical,,,,,34.9272677,-89.7911029
DSPY017917,"TruLife Cannabis Clinic, LLC",Dispensary,DeSoto County,,,Shannon Robinson,"1041 Holly Springs Road HERNANDO, MS 38632","1041 Holly Springs Road Unit B HERNANDO, MS 38632",(901) 201-8895,shannon.trulifemedical@gmail.com,,,,DSPY017917,MS,MMCP,Mississippi Medical Cannabis Program,Medical,,,,,34.8160562,-89.9713936
DSPY004141,"Tupelo Mississippi Dispensary, LLC",Dispensary,Lee County,,,"Tupelo Mississippi Dispensary, LLC","3836 N GLOSTER ST STE 802 TUPELO, MS 38804","425 W CAPITOL AVE STE 1350 LITTLE ROCK, AR 72201",(601) 906-2955,tupelodispensary@gmail.com,,,,DSPY004141,MS,MMCP,Mississippi Medical Cannabis Program,Medical,,,,,34.3068474,-88.70663619999999
DSPY009925,Uptown Funk LLC,Dispensary,Hinds County,,,"Mary Sivils, Kathy Hartwell","1625 E COUNTY LINE RD JACKSON, MS 39211","127 TIMBERCREST DR RIDGELAND, MS 39157",(601) 572-9243,kathy@uptownfunkcc.com,,,,DSPY009925,MS,MMCP,Mississippi Medical Cannabis Program,Medical,,,,,32.3986606,-90.1224833
DSPY015661,VooDoo Buds LLC,Dispensary,Rankin County,,,"Bradley Perkins, Amy Perkins, Bob Hansen","3214 SERVICE DR PEARL, MS 39208","3214 SERVICE DR PEARL, MS 39208",(360) 218-6741,voodoobudsllc@gmail.com,,,,DSPY015661,MS,MMCP,Mississippi Medical Cannabis Program,Medical,,,,,32.2837481,-90.11205129999999
DSPY000423,"Waveland Marijuana, LLC",Dispensary,Hancock County,,,"Waveland Marijuana, LLC","112A AUDERER BLVD WAVELAND, MS 39576","PO BOX 4617 BAY ST LOUIS, MS 39521",(228) 493-1055,wavelandpharmacy@hotmail.com,,,,DSPY000423,MS,MMCP,Mississippi Medical Cannabis Program,Medical,,,,,30.2990222,-89.3944404
DSPY003344,Wildflower LLC,Dispensary,Monroe County,,,Nicole Huff,"41314 CRANE DR ABERDEEN, MS 39730","41314 CRANE DR ABERDEEN, MS 39730",(662) 549-3892,wildflowersms@yahoo.com,,,,DSPY003344,MS,MMCP,Mississippi Medical Cannabis Program,Medical,,,,,33.8251139,-88.5436553
DSPY008717,WYLD Cannabis LLC,Dispensary,DeSoto County,,,Nash Hassen,"2348 MOUNT PLEASANT RD HERNANDO, MS 38632","2348 MOUNT PLEASANT RD HERNANDO, MS 38632",(662) 912-4033,wyld1415@gmail.com,,,,DSPY008717,MS,MMCP,Mississippi Medical Cannabis Program,Medical,,,,,34.8258911,-89.98372409999999
DSPY018117,WYLD Cannabis LLC,Dispensary,DeSoto County,,,Nash Hassen,"1415 Goodman Rd Horn Lake, MS 38637","1415 Goodman Rd Unit 19 Horn Lake, MS 38637",(662) 912-4033,wyld1415@gmail.com,,,,DSPY018117,MS,MMCP,Mississippi Medical Cannabis Program,Medical,,,,,34.9611657,-90.0152839
DSPY012682,"Yazoodp, LLC",Dispensary,Yazoo County,,,"Yazoodp, LLC","1212 JERRY CLOWER BLVD YAZOO CITY, MS 39194","412 PORT ARBOR BRANDON, MS 39047",(601) 832-8289,kanwaljit8289@gmail.com,,,,DSPY012682,MS,MMCP,Mississippi Medical Cannabis Program,Medical,,,,,32.8600384,-90.39150509999999
DSPY017838,Youngs Farm Medical Dispensary,Dispensary,Lauderdale County,,,Louis Young,"8487 HIGHWAY 19 N COLLINSVILLE, MS 39325","PO BOX 672 PHILADELPHIA, MS 39350",(601) 938-2054,youngsfarmmeddis@gmail.com,,,,DSPY017838,MS,MMCP,Mississippi Medical Cannabis Program,Medical,,,,,32.4745223,-88.8272197
DSPY002054,Zack Hemp LLC,Dispensary,DeSoto County,,,Sakher Hassan,"3023 GOODMAN RD W HORN LAKE, MS 38637","6965 FOX CHASE DR SOUTHAVEN, MS 38671",(901) 848-2151,wyld3023@gmail.com,,,,DSPY002054,MS,MMCP,Mississippi Medical Cannabis Program,Medical,,,,,34.9614892,-90.0448277
DSPY015817,Zack Hemp LLC,Dispensary,DeSoto County,,,Sakher Hassan,"4860 BETHEL RD OLIVE BRANCH, MS 38654","6965 FOX CHASE DR SOUTHAVEN, MS 38671",(901) 848-2151,vaporsmart2@gmail.com,,,,DSPY015817,MS,MMCP,Mississippi Medical Cannabis Program,Medical,,,,,34.9305902,-89.79436249999999
